Workbook

Sheet Prioridad por cargo
A1: Mesa de Ayuda TI · CONAF — Prioridad de atención según cargo
A2: Fuente: organigrama institucional de CONAF (agosto de 2026). Clasificación por nivel definida para la Mesa de Ayuda TI (js/datos.js, CATALOGOS.cargos). Versión de revisión, 29 de octubre de 2026.
A4: Orden de atención | B4: Cargo | C4: Unidad o alcance en el organigrama | D4: Nivel | E4: Nivel jerárquico | F4: Prioridad | G4: Plazo de resolución (horas)
A5: 1 | B5: Director/a Ejecutivo/a | C5: Dirección Ejecutiva | D5: 1 | E5: =INDEX(Niveles!$B$4:$B$7,MATCH(D5,Niveles!$A$4:$A$7,0)) -> Autoridad superior | F5: =INDEX(Niveles!$C$4:$C$7,MATCH(D5,Niveles!$A$4:$A$7,0)) -> P1 Máxima | G5: =INDEX(Niveles!$D$4:$D$7,MATCH(D5,Niveles!$A$4:$A$7,0)) -> 4
A6: 2 | B6: Subdirector/a Ejecutivo/a | C6: Subdirección Ejecutiva | D6: 1 | E6: =INDEX(Niveles!$B$4:$B$7,MATCH(D6,Niveles!$A$4:$A$7,0)) -> Autoridad superior | F6: =INDEX(Niveles!$C$4:$C$7,MATCH(D6,Niveles!$A$4:$A$7,0)) -> P1 Máxima | G6: =INDEX(Niveles!$D$4:$D$7,MATCH(D6,Niveles!$A$4:$A$7,0)) -> 4
A7: 3 | B7: Fiscal | C7: Fiscalía | D7: 2 | E7: =INDEX(Niveles!$B$4:$B$7,MATCH(D7,Niveles!$A$4:$A$7,0)) -> Directivo | F7: =INDEX(Niveles!$C$4:$C$7,MATCH(D7,Niveles!$A$4:$A$7,0)) -> P2 Alta | G7: =INDEX(Niveles!$D$4:$D$7,MATCH(D7,Niveles!$A$4:$A$7,0)) -> 8
A8: 4 | B8: Jefe/a de Gabinete | C8: Jefatura de Gabinete | D8: 2 | E8: =INDEX(Niveles!$B$4:$B$7,MATCH(D8,Niveles!$A$4:$A$7,0)) -> Directivo | F8: =INDEX(Niveles!$C$4:$C$7,MATCH(D8,Niveles!$A$4:$A$7,0)) -> P2 Alta | G8: =INDEX(Niveles!$D$4:$D$7,MATCH(D8,Niveles!$A$4:$A$7,0)) -> 8
A9: 5 | B9: Secretario/a de Secretaría | C9: Secretarías de Asuntos Institucionales, Comunicaciones, Política Forestal, Asuntos Indígenas y Relaciones Internacionales | D9: 2 | E9: =INDEX(Niveles!$B$4:$B$7,MATCH(D9,Niveles!$A$4:$A$7,0)) -> Directivo | F9: =INDEX(Niveles!$C$4:$C$7,MATCH(D9,Niveles!$A$4:$A$7,0)) -> P2 Alta | G9: =INDEX(Niveles!$D$4:$D$7,MATCH(D9,Niveles!$A$4:$A$7,0)) -> 8
A10: 6 | B10: Auditor/a Interno/a | C10: Auditoría Interna | D10: 2 | E10: =INDEX(Niveles!$B$4:$B$7,MATCH(D10,Niveles!$A$4:$A$7,0)) -> Directivo | F10: =INDEX(Niveles!$C$4:$C$7,MATCH(D10,Niveles!$A$4:$A$7,0)) -> P2 Alta | G10: =INDEX(Niveles!$D$4:$D$7,MATCH(D10,Niveles!$A$4:$A$7,0)) -> 8
A11: 7 | B11: Gerente/a | C11: Gerencias de Fiscalización Forestal y Evaluación Ambiental; Bosques y Cambio Climático; Áreas Protegidas; Finanzas y Administración; Desarrollo de las Personas; Protección contra Incendios Forestales | D11: 2 | E11: =INDEX(Niveles!$B$4:$B$7,MATCH(D11,Niveles!$A$4:$A$7,0)) -> Directivo | F11: =INDEX(Niveles!$C$4:$C$7,MATCH(D11,Niveles!$A$4:$A$7,0)) -> P2 Alta | G11: =INDEX(Niveles!$D$4:$D$7,MATCH(D11,Niveles!$A$4:$A$7,0)) -> 8
A12: 8 | B12: Director/a Regional | C12: Direcciones Regionales | D12: 2 | E12: =INDEX(Niveles!$B$4:$B$7,MATCH(D12,Niveles!$A$4:$A$7,0)) -> Directivo | F12: =INDEX(Niveles!$C$4:$C$7,MATCH(D12,Niveles!$A$4:$A$7,0)) -> P2 Alta | G12: =INDEX(Niveles!$D$4:$D$7,MATCH(D12,Niveles!$A$4:$A$7,0)) -> 8
A13: 9 | B13: Jefe/a de Departamento | C13: Departamentos de las gerencias | D13: 3 | E13: =INDEX(Niveles!$B$4:$B$7,MATCH(D13,Niveles!$A$4:$A$7,0)) -> Jefatura | F13: =INDEX(Niveles!$C$4:$C$7,MATCH(D13,Niveles!$A$4:$A$7,0)) -> P3 Media | G13: =INDEX(Niveles!$D$4:$D$7,MATCH(D13,Niveles!$A$4:$A$7,0)) -> 24
A14: 10 | B14: Jefe/a de Unidad | C14: Unidades de las gerencias y de la Secretaría de Asuntos Institucionales | D14: 3 | E14: =INDEX(Niveles!$B$4:$B$7,MATCH(D14,Niveles!$A$4:$A$7,0)) -> Jefatura | F14: =INDEX(Niveles!$C$4:$C$7,MATCH(D14,Niveles!$A$4:$A$7,0)) -> P3 Media | G14: =INDEX(Niveles!$D$4:$D$7,MATCH(D14,Niveles!$A$4:$A$7,0)) -> 24
A15: 11 | B15: Jefe/a del Centro de Semillas Genéticas y Entomología | C15: Gerencia de Bosques y Cambio Climático | D15: 3 | E15: =INDEX(Niveles!$B$4:$B$7,MATCH(D15,Niveles!$A$4:$A$7,0)) -> Jefatura | F15: =INDEX(Niveles!$C$4:$C$7,MATCH(D15,Niveles!$A$4:$A$7,0)) -> P3 Media | G15: =INDEX(Niveles!$D$4:$D$7,MATCH(D15,Niveles!$A$4:$A$7,0)) -> 24
A16: 12 | B16: Jefe/a de Programa | C16: Programa de Empleo | D16: 3 | E16: =INDEX(Niveles!$B$4:$B$7,MATCH(D16,Niveles!$A$4:$A$7,0)) -> Jefatura | F16: =INDEX(Niveles!$C$4:$C$7,MATCH(D16,Niveles!$A$4:$A$7,0)) -> P3 Media | G16: =INDEX(Niveles!$D$4:$D$7,MATCH(D16,Niveles!$A$4:$A$7,0)) -> 24
... A21: 17 | B21: Auxiliar | C21: Todas las unidades (estamento, no figura en el organigrama) | D21: 4 | E21: =INDEX(Niveles!$B$4:$B$7,MATCH(D21,Niveles!$A$4:$A$7,0)) -> Funcionario/a | F21: =INDEX(Niveles!$C$4:$C$7,MATCH(D21,Niveles!$A$4:$A$7,0)) -> P4 Normal | G21: =INDEX(Niveles!$D$4:$D$7,MATCH(D21,Niveles!$A$4:$A$7,0)) -> 72
A23: Notas
A24: â€¢ Cómo se usa: la Casilla de solicitudes ordena primero por nivel (P1 a P4) y, dentro de un mismo nivel, por la columna «Orden de atención». A igual cargo, se atiende primero la solicitud más antigua.
A25: â€¢ Las columnas Nivel jerárquico, Prioridad y Plazo se calculan desde la hoja «Niveles». Para cambiar un plazo, edite la columna en azul de esa hoja.
A26: â€¢ La urgencia que indica el funcionario es informativa. Un Usuario TI puede ajustar a mano la prioridad de una solicitud cuando el caso lo justifica.
A27: â€¢ Los plazos son horas corridas desde el registro de la solicitud.

Sheet Niveles
A1: Niveles de prioridad
A3: Nivel | B3: Nivel jerárquico | C3: Prioridad | D3: Plazo de resolución (horas) | E3: Cargos en el nivel
A4: 1 | B4: Autoridad superior | C4: P1 Máxima | D4: 4 | E4: =COUNTIF('Prioridad por cargo'!$D$5:$D$21,A4) -> 2
A5: 2 | B5: Directivo | C5: P2 Alta | D5: 8 | E5: =COUNTIF('Prioridad por cargo'!$D$5:$D$21,A5) -> 6
A6: 3 | B6: Jefatura | C6: P3 Media | D6: 24 | E6: =COUNTIF('Prioridad por cargo'!$D$5:$D$21,A6) -> 5
A7: 4 | B7: Funcionario/a | C7: P4 Normal | D7: 72 | E7: =COUNTIF('Prioridad por cargo'!$D$5:$D$21,A7) -> 4
D8: Total | E8: =SUM(E4:E7) -> 17
A10: En azul: plazos editables. El resto de las cifras se calcula.
